region,avg_usage
Delhi,10.400000095367432
Mumbai,12.5
Chennai,7.800000190734863
Kolkata,3.4000000953674316
